"name","country","sub.region","Age.dependency.ratio....of.working.age.population.","GDP..current.US..","GDP.growth..annual...","GDP.per.capita..current.US..","GDP.per.capita.growth..annual...","Incidence.of.tuberculosis..per.100.000.people.","Inflation..GDP.deflator..annual...","Labor.force..total","Net.migration","Population.growth..annual...","Population..total","Rural.population....of.total.population.","Unemployment..total....of.total.labor.force...modeled.ILO.estimate.","Labor.force.percent","Net.migration.rate"
"Afghanistan ","afg","Southern Asia",83.8361728436,17233051620.1117,2.7108867913,415.7074170591,0.5406555542,180,2.961653541,8866507,-48958,2.1355938498,41454761,73.067,13.991,0.2138839251781,-0.00118099824529202
"Albania ","alb","Southern Europe",50.023929771,23547179830.4413,3.9366252574,8575.1711344621,5.1371320154,15,6.0660494751,1376643,-25357,-1.1484176377,2745972,35.397,10.108,0.501331768859988,-0.0092342529348442
"Algeria ","dza","Northern Africa",58.7709984775,247626161016.414,4.1,5364.0279502273,2.5512030194,47,0.8548410374,13174228,-25963,1.4989760119,46164219,24.732,11.701,0.285377469507282,-0.000562405268894509
"Angola ","ago","Sub-Saharan Africa",90.0552252752,84824654481.7249,1.0012893603,2308.1597673127,-2.0627732928,339,17.6195377227,15430003,-995,3.0806553072,36749906,31.312,14.537,0.419865101151551,-2.70748991847761e-05
"Argentina ","arg","Latin America and the Caribbean",52.4243366823,646075277525.125,-1.6110016209,14187.4827252965,-1.8929497974,35,135.3688763106,22069879,4133,0.2869761219,45538401,7.537,6.139,0.484643257456493,9.07585665996485e-05
"Armenia ","arm","Western Asia",48.7129752599,24085749592.3359,8.2999999996,8053.0106631235,7.5142465475,25,2.6730035489,1492711,75000,0.7281789193,2990900,36.261,13.245,0.499084222140493,0.025076064060985
"Australia ","aus","Australia and New Zealand",54.8330553856,1728057316695.61,3.4419922001,64820.9117890026,0.9410145685,6.2,6.5119989495,14593816,140232,2.4474661688,26658948,13.383,3.668,0.547426552615655,0.0052602225714233
"Austria ","aut","Western Europe",52.5940837665,511685203845.001,-0.9549623668,56033.573792065,-1.9301455033,5.2,6.6476534163,4762160,4819,0.989464654,9131761,40.47,5.264,0.521494156494021,0.00052771858571419
"Azerbaijan ","aze","Western Asia",43.5853062725,72356176470.5882,1.1239743271,7125.9085836861,1.00245376,72,-9.2066394496,5009964,-84122,0.1202421503,10153958,42.423,5.636,0.49340011057757,-0.00828465116755456
"Bahamas, The ","bhs","Latin America and the Caribbean",42.5030859573,14338500000,2.6390559808,35896.50510715,2.1503230435,7.8,6.3444201448,235466,1001,0.4773039183,399440,16.375,8.643,0.589490286400961,0.00250600841177649
"Bahrain ","bhr","Western Asia",29.2488272145,46079867021.2766,2.9807927666,29218.8605634137,-0.438668518,12,-4.1437516582,905498,20002,3.3768641772,1577059,10.131,1.154,0.574168753356723,0.0126831019004362
"Bangladesh ","bgd","Southern Asia",53.0958193081,437415331040.994,5.7751123701,2551.0177267414,4.4907040939,221,6.89712404,75834921,-549918,1.2217147546,171466990,59.527,4.454,0.442271255825976,-0.00320713625403933
"Barbados ","brb","Latin America and the Caribbean",50.5580529737,6720733200,4.0938201097,23804.0249914995,4.0871837305,0.81,3.1821298072,147625,-80,0.0063755858,282336,68.575,7.878,0.522869913861498,-0.000283350334353395
"Belarus ","blr","Eastern Europe",50.9143686598,71857382745.6066,3.8862421446,7829.0531366062,4.4496069351,27,7.3682305357,4856653,-3034,-0.5408249864,9178298,19.269,3.461,0.529145272903538,-0.000330562376597491
"Belgium ","bel","Western Europe",57.3218081149,644782756682.756,1.251700632,54700.9093236712,0.3307615447,7.5,4.5081028488,5367441,41679,0.9137158904,11787423,1.811,5.528,0.455353218426114,0.00353588736062157
"Belize ","blz","Latin America and the Caribbean",46.7004478384,3066850000,1.1490168207,7459.9981513284,-0.9110862132,27,6.5097016138,186401,595,2.0577277428,411106,53.392,8.267,0.453413474870228,0.00144731529094686
"Benin ","ben","Sub-Saharan Africa",81.5677814532,19676049075.7011,6.3528216091,1394.3733021762,3.7033682495,51,3.385464352,6204134,-192,2.5227477228,14111034,49.9,1.657,0.439665441951313,-1.36063735655374e-05
"Bolivia ","bol","Latin America and the Caribbean",55.5037371721,45135398008.8166,3.0819652409,3686.2799649054,1.6759720971,105,-0.505250429,6702504,-3008,1.3733438228,12244159,28.814,3.024,0.547404194930824,-0.000245668158997282
"Bosnia & Herzegovina ","bih","Southern Europe",53.5210215349,27514782476.0406,2.2111244721,8638.6662020119,2.8442412876,24,6.7627043563,1366194,-485,-0.6175101294,3185073,49.731,10.668,0.428936479634847,-0.000152272805050308
"Botswana ","bwa","Sub-Saharan Africa",56.8649822627,19396084498.0084,2.7337981703,7820.2324037508,1.0623842998,244,2.1246797196,1146757,-6487,1.6403166404,2480244,27.133,23.381,0.462356526212744,-0.00261546847810135
"Brazil ","bra","Latin America and the Caribbean",44.029094759,2173665655937.27,2.9084804867,10294.866680778,2.5018418131,49,4.6589947587,106356432,-240059,0.3959286956,211140729,12.212,7.947,0.503722955318583,-0.00113696206855476
"Brunei ","brn","South-eastern Asia",37.9986469217,15128292980.8638,1.4070683233,32962.9065121916,0.6162704404,65,-12.8961956287,231915,0,0.7828817469,458949,20.851,5.183,0.505317584306753,0
"Bulgaria ","bgr","Eastern Europe",57.1601451805,102407653020.606,1.8868148391,15885.5391311331,4.9960509863,16,7.9841992434,3131695,5173,-3.0060201079,6446596,23.299,4.319,0.485790485397255,0.000802438992609433
"Burkina Faso ","bfa","Sub-Saharan Africa",81.8908186351,20324617844.5265,2.9601814738,882.6898100862,0.6495779895,43,1.9980475241,6287117,-24957,2.2697366627,23025776,67.48,5.348,0.273046910557976,-0.00108387226558618
"Burma ","bdi","Sub-Saharan Africa",91.8466661836,2642161668.85211,2.7000005971,193.0071455648,-0.0634306087,94,11.37603149,5901964,1995,2.7276444104,13689450,85.216,0.921,0.4311322953077,0.000145732662743938
"Burundi ","cpv","Sub-Saharan Africa",49.1432552588,2533819406.4916,5.4754359165,4850.9841584964,4.9524315782,47,3.7925943208,221192,-1226,0.4970875972,522331,32.018,11.971,0.423470940840195,-0.00234717066381279
"Cambodia ","khm","South-eastern Asia",56.4253473651,42335646895.7984,4.9600665892,2429.7485345284,3.6218165236,335,1.0630960724,9740379,-31837,1.283206776,17423880,74.43,0.225,0.559024683365588,-0.00182720496238496
"Cameroon ","cmr","Sub-Saharan Africa",80.2951604071,49279410982.826,3.2483449782,1736.8609107352,0.5557870819,150,4.6597228596,10843938,-4798,2.6424533613,28372687,40.685,3.613,0.382196370756143,-0.000169106295783688
"Canada ","can","Northern America",53.0518429292,2142470914401.36,1.248927304,53431.1857063879,-1.6768629492,5.8,1.5347101133,22197237,433842,2.9322740116,40097761,18.138,5.415,0.553577966610156,0.0108196066109527
"Central African Rep. ","caf","Sub-Saharan Africa",105.1775624492,2555492085.24831,0.8702514508,495.9788971531,-0.1943987426,540,3.3999529901,1927491,-14682,1.0610745318,5152421,56.386,5.877,0.374094236476406,-0.00284953422866648
"Chad ","tcd","Sub-Saharan Africa",95.3580792822,13149325362.3347,4.12231962,680.639877912,-0.5329496688,139,-0.9366041655,6221467,496830,4.5739921339,19319064,75.634,1.074,0.322037703275894,0.0257170844301774
"Chile ","chl","Latin America and the Caribbean",45.0908347498,335533331669.219,0.2187806669,17067.8136150601,-0.320572086,18,6.5995120457,9991796,62679,0.5396287096,19658835,11.988,9.013,0.508259823127871,0.00318833745743326
"China ","chn","Eastern Asia",44.7297141014,17794783039552,5.2495578639,12614.0617416421,5.3588578634,52,-0.582393794,774607590,-567724,-0.1037945316,1410710000,35.43,4.67,0.549090592680282,-0.000402438488420724
"Colombia ","col","Latin America and the Caribbean",42.8026198463,363493841244.303,0.6104095658,6947.3592868197,-0.5110641308,46,6.3360573198,26490194,154521,1.1209286434,52321152,17.646,9.594,0.506299899512916,0.00295331800033761
"Comoros ","com","Sub-Saharan Africa",72.0409311058,1352380971.24055,2.9956745718,1590.3123768832,1.0337126269,35,2.9180888605,268470,-2002,1.9232743367,850387,69.868,3.776,0.315703320958575,-0.00235422225410313
"Congo, Dem. Rep. ","cod","Sub-Saharan Africa",96.6825341171,66383287002.9867,8.560862509,627.5021816908,5.0792270602,316,13.1719312219,37296766,-14992,3.259635143,105789731,52.556,4.484,0.352555636992781,-0.000141715078186559
"Congo, Repub. of the ","cog","Sub-Saharan Africa",77.9305853487,15321055822.5167,1.9068642635,2477.9784554487,-0.5288754127,368,-7.567702287,2485719,-995,2.4191903808,6182885,30.812,19.898,0.402032222821547,-0.000160928110420944
"Costa Rica ","cri","Latin America and the Caribbean",45.0322532262,86497941439.0174,5.1119218322,16942.0268119375,4.6227538696,9.9,-0.0879225969,2340587,995,0.466464449,5105525,17.378,8.325,0.458441981970512,0.000194886911727981
"Croatia ","hrv","Southern Europe",58.6141257781,84393795502.4421,3.3025448809,21865.4562838641,3.1942825004,3.5,11.7403306343,1731721,10202,0.1048562263,3859686,41.425,6.086,0.448668881354597,0.00264322019977791
"Cyprus ","cyp","Western Asia",43.631101761,33886930712.3394,2.6119009091,36551.41796875,1.0181048195,5.5,3.8297023201,766606,8697,1.016768177,1344976,33.013,6.098,0.569977456846814,0.00646628638726639
"Czech Republic ","cze","Eastern Europe",56.7878159701,343207874553.734,-0.0853302759,31591.1770732969,-1.8504213049,4.8,8.1588926397,5536144,-14638,1.7823890705,10864042,25.448,2.579,0.509584186069973,-0.0013473806526153
"Denmark ","dnk","Northern Europe",57.398851167,407091920305.404,2.4951843315,68453.8769281145,1.7383132453,3.6,-3.788917986,3189737,31006,0.7411855157,5946952,11.505,5.094,0.536365015221243,0.0052137632857975
"Djibouti ","dji","Sub-Saharan Africa",52.2310906894,4098530513.55777,6.6766496436,3554.8391886837,5.2103064877,218,4.5645257943,260365,500,1.3841027235,1152944,21.448,26.154,0.225826232670451,0.00043367240733288
"Dominican Republic ","dom","Latin America and the Caribbean",52.659776053,121444279313.931,2.3606156872,10717.6276712204,1.452472152,42,6.4239198019,5323558,-34915,0.8911592037,11331265,15.554,5.555,0.469811446471334,-0.00308129763093529
"Ecuador ","ecu","Latin America and the Caribbean",49.4714073657,118844826000,2.3552179074,6609.8040815496,1.4660978703,58,-0.408196858,8695838,-21948,0.872456027,17980083,35.208,3.51,0.483637255734581,-0.00122068402020169
"Egypt ","egy","Northern Africa",59.7566710357,396002496996.96,3.7587005518,3457.4569157045,2.0216049045,9.2,24.8250653744,33137441,305006,1.688341269,114535772,56.9,7.334,0.289319576070959,0.00266297589542593
"El Salvador ","slv","Latin America and the Caribbean",49.7246065817,34015620000,3.5109770661,5391.0692618134,3.0302211315,84,2.7288450233,2854017,-23253,0.4655311454,6309624,24.607,2.992,0.452327587190615,-0.00368532261193377
"Equatorial Guinea ","gnq","Sub-Saharan Africa",69.8016567055,12337550583.754,-5.0893087207,6677.793435386,-7.3498441972,274,-7.6475201985,699034,3997,2.4105723283,1847549,25.552,8.367,0.378357488759432,0.00216340676214812
"Estonia ","est","Northern Europe",58.4343478723,41291245222.1948,-3.0230358407,30133.304450454,-4.5407978067,8.2,8.0547831471,755414,5717,1.5774513361,1370286,30.19,6.378,0.551281995145539,0.00417212173225152
"Ethiopia ","eth","Sub-Saharan Africa",74.0248657157,163697927593.982,6.4981346424,1272.0162820921,3.7611089841,146,33.0206928817,52886553,-11996,2.6036241976,128691692,76.843,3.402,0.410955456238776,-9.32150305398114e-05
"Fiji ","fji","Melanesia",50.8941196448,5442046565.04719,7.5242908824,5888.7366863936,6.9747697295,66,4.0995763583,384983,-3289,0.5123774002,924145,41.287,4.322,0.416582895541284,-0.00355896531388473
"Finland ","fin","Northern Europe",62.6357187919,295532341254.907,-1.1639628152,52925.6897638424,-1.656115361,3.4,3.9135173473,2863035,38156,0.4991923754,5583911,14.227,7.151,0.512729339704734,0.00683320346617272
"France ","fra","Western Europe",62.6913590841,3051831611384.76,0.9364875027,44690.9345395117,0.6076491864,8.3,5.3035717526,31618891,91862,0.3263192008,68287487,18.223,7.335,0.463026132445026,0.00134522449186042
"Gabon ","gab","Sub-Saharan Africa",68.6454953915,19388402541.6698,2.4458808312,7802.8365956505,0.2177720091,505,-9.9640110783,807318,987,2.1989128967,2484789,8.971,20.278,0.324904046178569,0.000397216826056458
"Gambia, The ","gmb","Sub-Saharan Africa",77.6473477795,2396111021.64149,4.7975089519,888.1574077241,2.4134034484,142,15.6019043855,760304,-3000,2.301240497,2697845,35.528,6.479,0.281819007392938,-0.00111199865077497
"Georgia ","geo","Western Asia",57.1296262621,30777833585.4441,7.8322012153,8283.6696024296,7.745685467,55,2.9480995362,1850617,2003,0.0802640328,3715483,39.273,11.537,0.498082483488688,0.000539095455422619
"Germany ","deu","Western Europe",57.991897186,4525703903627.53,-0.2664384101,54343.2265084958,0.3538844633,4.8,6.1429165302,43815458,609553,-0.6200537546,83280000,22.235,3.068,0.526122214217099,0.00731932036503362
"Ghana ","gha","Sub-Saharan Africa",66.1425812588,76370396722.154,2.9447858308,2260.2874128943,0.9986101277,129,33.0798250533,13674692,-10003,1.9086028969,33787914,40.762,3.063,0.404721404227559,-0.000296052606266252
"Greece ","grc","Southern Europe",58.9062492364,243498333237.802,2.3321238826,23400.7278817691,2.6398798196,5.2,5.8745626681,4660090,-159430,-0.3002909302,10405588,19.327,11.066,0.447844946388421,-0.015321575292045
"Guatemala ","gtm","Latin America and the Caribbean",58.4095417497,104450210572.012,3.5267921417,5762.8217461592,1.9448257882,33,6.6422780164,7406030,-8940,1.5398697192,18124838,46.902,2.344,0.408612203871836,-0.00049324578790718
"Guinea ","gin","Sub-Saharan Africa",80.7795140107,22199409741.2578,6.7449344463,1541.0405091496,4.1489716057,175,3.9219788852,4426538,-3997,2.4619904996,14405468,61.915,5.244,0.307281790497886,-0.000277464085165439
"Guinea-Bissau ","gnb","Sub-Saharan Africa",73.5656689085,2048348108.35852,5.1992682974,951.2427482893,2.8635575629,361,5.3903928676,821427,-1400,2.2452918726,2153339,54.534,2.65,0.381466643199236,-0.000650153087832431
"Guyana ","guy","Latin America and the Caribbean",55.7699884071,17159509565.4676,33.8026170922,20765.3503593109,33.0390050012,64,-12.8675261337,291050,-6161,0.5723351323,826353,72.838,12.025,0.352210253971366,-0.00745565151938699
"Haiti ","hti","Latin America and the Caribbean",56.7161065708,19850829757.5418,-1.8638842025,1705.7790545225,-2.9921284376,149,31.5119631449,5199900,-31786,1.156332636,11637398,40.344,14.556,0.446826687546477,-0.00273136658211741
"Honduras ","hnd","Latin America and the Caribbean",54.5329302017,34400509852.0436,3.5826036263,3231.6572446194,1.8215384858,31,6.1785877404,4213517,-5044,1.7147738842,10644851,39.788,6.07,0.395826771083973,-0.000473844114868306
"Hong Kong ","hkg","Eastern Asia",47.8071542342,380812234827.832,3.2765262563,50531.7385421945,0.6727205758,50,2.7777490522,3862575,-3427,2.553524667,7536100,0,2.949,0.512542959886413,-0.000454744496490227
"Hungary ","hun","Eastern Europe",54.5703480456,212388906458.724,-0.9076859561,22141.8669799276,-0.3685255435,5.9,14.7490051352,4967071,49213,-0.5426242522,9592186,27.136,4.107,0.517824716910202,0.00513053020448102
"Iceland ","isl","Northern Europe",50.1597614839,31325116556.3807,5.0371794396,79636.9548578508,2.0074225623,3.2,5.6994921272,240931,4630,2.9268796528,393349,5.958,3.518,0.612512044011806,0.0117707176070106
"India ","ind","Southern Asia",47.0132181121,3567551674623.01,8.1529363109,2480.7920872162,7.201839391,195,1.3340506556,588969543,-979179,0.8832895398,1438069596,63.636,4.172,0.409555660336762,-0.000680898200423396
"Indonesia ","idn","South-eastern Asia",47.0224568841,1371171152331.16,5.0481057707,4876.3143270319,4.1666201619,387,1.5330736733,141349381,-37501,0.8426661373,281190067,41.428,3.308,0.502682696113871,-0.000133365308384097
"Iran ","irn","Southern Asia",44.4144810536,404625655204.619,5.0448905106,4465.6376699495,3.787648345,11,30.4931401221,28345550,262044,1.2040818563,90608707,22.743,9.041,0.312834725695843,0.00289203994490287
"Iraq ","irq","Western Asia",68.0336199589,250842782139.464,-2.9355577397,5565.1264464718,-5.0965345288,21,-18.1894127219,11685283,-5710,2.2514889085,45074049,28.401,15.447,0.259246357033512,-0.000126680432015327
"Ireland ","irl","Northern Europe",52.8088076099,551394889339.778,-5.530007361,103887.800388081,-8.0556860021,4.6,3.6218715366,2799495,43873,2.7099134702,5307600,35.534,4.288,0.527450260004522,0.00826607129399352
"Israel ","isr","Western Asia",66.7509542384,513611100815.691,2.4230069105,52642.4267486308,0.3328914322,2.8,4.2660894408,4586645,9999,2.0617792489,9756600,7.146,3.596,0.470106901994547,0.00102484472049689
"Italy ","ita","Southern Europe",57.1418243824,2300941152991.81,0.6976329942,39003.3160954123,0.7320992908,4.4,5.8187539401,25810867,150189,-0.0342216579,58993475,28.027,7.627,0.437520708858056,0.00254585782580192
"Jamaica ","jam","Latin America and the Caribbean",36.9793488071,19423355409.2316,2.2000614715,6839.7250388697,2.1769567589,3.2,11.6865531941,1559061,-10003,0.0226098932,2839786,42.622,4.4,0.549006509645445,-0.00352244852252951
"Japan ","jpn","Eastern Asia",70.1001399307,4204494802431.55,1.6790195231,33766.5268253808,2.1757829122,9.3,3.7930178349,69197135,175003,-0.487370782,124516650,7.957,2.6,0.555725961146561,0.00140545862742051
"Jordan ","jor","Western Asia",55.1554977993,50967475352.1127,2.6782715375,4455.5054051457,1.0361140064,3.4,1.7903645865,3032010,-17445,1.6122505024,11439213,7.98,17.969,0.265054073212904,-0.00152501749901851
"Kazakhstan ","kaz","Central Asia",60.8939357463,262641892078.524,5.0999999997,12918.8661346014,3.5723873274,70,9.8576193239,10221158,-4822,1.4641515169,20330104,41.821,4.821,0.502759749777965,-0.000237185210660998
"Kenya ","ken","Sub-Saharan Africa",67.6739373443,108038588970.595,5.5558730132,1952.3045792964,3.4833584546,223,6.1078020919,23184849,-10003,1.9829602848,55339003,70.48,5.567,0.418960366886263,-0.000180758587211989
"Korea, South ","kor","Eastern Asia",41.4544025774,1712792854202.37,1.3567332431,33121.3712885508,1.2782352431,38,2.0640739616,29587631,87800,0.0774772533,51712619,18.544,2.675,0.572154951192861,0.00169784477556629
"Kuwait ","kwt","Western Asia",27.4788324128,163704878875.85,-3.6404259026,33729.7985494456,-8.8774421461,9.7,-7.3567101627,2926169,50008,5.5881367814,4853420,0,2.127,0.602908670586926,0.010303662159879
"Kyrgyzstan ","kgz","Central Asia",61.5475158692,13987627908.8381,6.1513918372,1970.1578096184,4.2894831923,112,13.4157414075,3128651,5601,1.7695775413,7099750,62.199,3.991,0.4406705869925,0.000788901017641466
"Laos ","lao","South-eastern Asia",54.0669284232,15843155731.2552,3.7456814016,2066.9497977696,2.3111608757,132,24.4217202067,3511791,-10003,1.3923766723,7664993,61.753,1.188,0.458159713909719,-0.00130502402285299
"Latvia ","lva","Northern Europe",58.7910215108,42247850064.5125,1.7067952497,22502.8429938094,1.8117824899,16,6.4069165257,965292,7966,-0.1031721533,1877445,31.329,6.465,0.514151945862595,0.00424300046073254
"Lesotho ","lso","Sub-Saharan Africa",63.2665285082,2117962450.79469,1.8266252585,916.2829793286,0.7093602128,664,-0.3680978359,873908,-5168,1.1032867826,2311472,69.585,16.457,0.378074231485391,-0.00223580471664809
"Liberia ","lbr","Sub-Saharan Africa",76.2870435715,4.24e+09,4.6837568876,771.8871420897,2.4018620652,308,1.2308546342,2532446,-5002,2.2039069607,5493031,46.433,2.933,0.461028892791612,-0.000910608369040699
"Libya ","lby","Northern Africa",48.8966237042,45096462972.4014,10.155818177,6172.8124694023,8.9216113326,59,-5.3414699574,2554932,-2001,1.1267430922,7305659,18.394,18.753,0.349719580396512,-0.00027389726238249
"Lithuania ","ltu","Northern Europe",53.2410196697,79789877416.1681,0.3422625522,27786.0057829276,-1.0535770346,28,9.0217558169,1536989,44935,1.4008446183,2871585,31.306,6.841,0.535240642363015,0.0156481525011448
"Luxembourg ","lux","Western Europe",44.7725431159,85755006123.5976,-1.0957236158,128678.189942826,-3.0735716889,7.3,3.4300245623,345150,5905,2.0200257471,666430,7.922,5.184,0.517908857644464,0.00886064552916285
"Macau ","mac","Eastern Asia",38.0720788889,45803067940.4072,75.0613769262,67476.5290813306,74.6745294522,51,4.6361668612,378758,8807,0.2212227139,678800,0,2.235,0.557981732469063,0.0129743665291691
"Madagascar ","mdg","Sub-Saharan Africa",75.1537300735,15790113246.7478,3.8000000001,506.1593686878,1.2756308035,233,8.6936754472,16036576,-1487,2.4620153043,31195932,59.444,3.069,0.514059846008127,-4.76664713847947e-05
"Malawi ","mwi","Sub-Saharan Africa",78.2806062855,12712150082.0792,1.8924579876,602.3436198093,-0.694162804,119,22.8067220172,8334815,-5811,2.5713570861,21104482,81.72,5.033,0.394931038819148,-0.000275344355762913
"Malaysia ","mys","South-eastern Asia",42.3268043029,399705169318.477,3.5554871541,11379.0861000632,2.2854352504,122,-1.8722556254,17923168,181071,1.2340286917,35126298,21.284,3.869,0.510249272496635,0.0051548557721625
"Maldives ","mdv","Southern Asia",32.2649755332,6590894301.9579,4.72639189,12530.3602359683,4.3504875491,40,1.8842540716,266679,-2877,0.3595851889,525994,58.029,4.241,0.50700007984882,-0.00546964414042746
"Mali ","mli","Sub-Saharan Africa",95.5627428169,20661794596.0873,4.6567759909,869.270234287,1.5901053497,48,2.2259332109,8813478,-39953,2.9740053762,23769127,53.811,2.956,0.370795191594542,-0.00168087788836334
"Malta ","mlt","Southern Europe",49.1465329757,22328640241.5553,7.4985124594,40395.7692064458,3.3685245796,15,5.3047187662,305398,6591,3.9176498604,552747,5.059,3.11,0.552509556813515,0.0119240809990828
"Mauritania ","mrt","Sub-Saharan Africa",86.051407469,10651709411.4594,6.5071871986,2120.8232035895,3.3940234781,74,3.371477417,1172057,2999,2.966530792,5022441,42.301,10.446,0.233364015625072,0.00059712000598912
"Mauritius ","mus","Sub-Saharan Africa",39.0160497134,14644524819.0054,6.9582874033,11613.0441587588,7.0839868706,12,8.5078301781,595664,-2824,-0.1174529491,1261041,59.133,5.571,0.47235894788512,-0.00223941965407945
"Mexico ","mex","Latin America and the Caribbean",49.041553848,1789114434843.46,3.199981166,13790.0243428344,2.3038069008,29,4.4599136759,60144623,-101044,0.8721785175,129739759,18.418,2.765,0.463578963484894,-0.0007788206235222
"Moldova ","mda","Eastern Europe",55.2962072282,16539436547.295,0.7832427097,6729.4128681397,3.689361433,76,8.7083904879,1389353,-18570,-2.8427421269,2457783,56.627,1.555,0.565287090031952,-0.00755558973269813
"Mongolia ","mng","Eastern Asia",60.0027669536,20325121393.9074,7.4221127615,5838.631080839,5.9595233323,491,21.7690280161,1433842,0,1.3708886685,3481145,30.911,5.503,0.41188804258369,0
"Morocco ","mar","Northern Africa",51.1965827591,144417103249.646,3.4033413008,3771.4462890625,2.3382292445,92,6.3609488819,12350059,-39650,1.0219518122,37712505,34.879,9.044,0.327479147831734,-0.00105137539922103
"Mozambique ","moz","Sub-Saharan Africa",90.5547175254,20954220983.5473,5.4368591219,622.9856193206,2.3682363619,361,5.3013415083,14675340,-36276,2.9535809305,33635160,61.247,3.519,0.436309504696871,-0.00107851426899709
"Namibia ","nam","Sub-Saharan Africa",69.1003275178,12351025066.9131,4.159985755,4168.2852108735,1.5786374574,468,6.4136243928,1100435,11675,2.5094789909,2963095,45.114,19.365,0.371380262867036,0.00394013691764861
"Nepal ","npl","Southern Asia",54.0220133748,40908073366.8455,1.9525446326,1377.6260357129,2.0240342262,229,5.4161451849,8424737,-409782,-0.0700958873,29694614,78.097,10.628,0.283712628828918,-0.0137998763007999
"Netherlands ","nld","Western Europe",54.6264908553,1154361305398.06,0.0745607216,64572.0059558854,-0.911427833,4.5,7.3437426847,10247550,144558,0.9901396867,17877117,6.821,3.537,0.573221621808483,0.00808620316128154
"New Zealand ","nzl","Australia and New Zealand",54.2574901904,252175506110.168,0.7333021717,48280.8114166238,-1.3090973037,6.6,4.7585491672,3048778,21404,2.0483680895,5223100,13.015,3.729,0.583710440160058,0.00409794949359576
"Nicaragua ","nic","Latin America and the Caribbean",52.8658369386,17829218219.3591,4.569223171,2612.8706624129,3.1446625435,43,10.6686540408,3161456,-7996,1.371678122,6823613,40.151,4.716,0.463311152024595,-0.00117181323149481
"Niger ","ner","Sub-Saharan Africa",98.1640417247,16819170420.5653,2.5,642.9379178635,-0.8222315312,74,3.3879179231,10094779,995,3.2948917581,26159867,82.946,0.425,0.385888009293014,3.8035361571219e-05
"Nigeria ","nga","Sub-Saharan Africa",80.2464063402,363846332834.618,2.8602149911,1596.63696129,0.7242957037,219,12.6218692276,110183277,-57936,2.0983891694,227882945,45.717,3.074,0.483508219537886,-0.000254235787588229
"Norway ","nor","Northern Europe",53.9423298435,485310823603.662,0.479647246,87925.0944188399,-0.6575128648,2.9,-10.6191584031,3005240,53806,1.1381846066,5519594,16.005,3.572,0.544467582217098,0.00974818075387429
"Oman ","omn","Western Asia",38.6735887164,108810923276.983,1.3104401131,21549.8368728192,-5.0909591281,11,-4.0559254034,2560549,156285,6.5270498845,5049269,11.6,3.176,0.507112811775328,0.030952005131832
"Pakistan ","pak","Southern Asia",70.1673862519,337912301397.727,-0.0396925228,1365.2774322249,-1.5759547894,277,25.9997683356,81926413,-1619557,1.5488045861,247504495,61.96,5.408,0.331009798428105,-0.0065435458050974
"Panama ","pan","Latin America and the Caribbean",52.2832629254,83318176900,7.3993015563,18686.4050961265,6.0025775126,58,1.706738314,2170438,7262,1.309026888,4458759,30.488,6.544,0.486780738766101,0.00162870430987636
"Papua New Guinea ","png","Melanesia",59.1154128064,30729242919.4411,3.035704755,2957.6826249855,1.186491022,432,-3.6221115697,3574855,-787,1.811031625,10389635,86.277,2.661,0.344078978712919,-7.57485705705735e-05
"Paraguay ","pry","Latin America and the Caribbean",54.2026658652,42956263543.9482,4.7141240795,6276.3511391996,3.4338054931,62,2.0687553102,3448638,-12500,1.2302161604,6844146,36.851,5.794,0.503881419245002,-0.00182637833851002
"Peru ","per","Latin America and the Caribbean",50.0391504388,267603248655.253,-0.5501823063,7906.58502858,-1.6378928381,173,6.5663436313,18608668,24783,1.0997532078,33845617,21.078,4.899,0.549810275286162,0.000732236614271207
"Philippines ","phl","South-eastern Asia",51.216658187,437146372729.942,5.5458511709,3804.8725797521,4.6943818328,643,4.5964850619,50352675,-164284,0.8100009987,114891199,51.713,2.222,0.438263987479145,-0.00142990935276078
"Poland ","pol","Eastern Europe",53.0401710836,809200697797.088,0.1388327548,22056.6661704127,0.5056692111,10,9.5471886252,18341629,-7824,-0.3656585269,36687353,39.782,2.743,0.499944190577063,-0.000213261501858692
"Portugal ","prt","Southern Europe",58.7431554583,289114289663.542,2.5262811081,27331.2094945255,1.132128835,16,6.9023659032,5414853,29102,1.3691298596,10578174,32.094,6.509,0.511889197511782,0.00275113644377565
"Puerto Rico ","pri","Latin America and the Caribbean",56.8592920687,117902300000,0.5635194268,36779.0594913858,1.0159420331,0.71,3.2354594382,1149949,19833,-0.448878435,3205691,6.366,5.725,0.358721099444706,0.00618680964572069
"Qatar ","qat","Western Asia",20.0951254428,213002809330.267,1.1871599118,80195.874646942,1.2367242601,35,-10.6934814488,1972818,39995,-0.0489708509,2656032,0.646,0.13,0.742768912422742,0.0150581770099155
"Romania ","rou","Eastern Europe",55.3509303093,350775856415.189,2.4042717791,18404.2730871704,2.3452936879,55,12.769937792,8280024,-27780,0.057609981,19059479,45.328,5.589,0.434430762771637,-0.00145754246482813
"Russia ","rus","Eastern Europe",51.7902694469,2021421476035.42,3.6,13817.0458984375,3.8936180494,38,7.073601566,73184751,27807,-0.2852176008,143826130,24.669,3.076,0.508841828671883,0.00019333760840259
"Rwanda ","rwa","Sub-Saharan Africa",71.0958025684,14097768472.1883,8.2412876945,1010.2689290184,5.8875729188,55,10.1301242309,5531930,-9001,2.198498205,13954471,82.108,12.352,0.396427066278614,-0.000645026242843602
"Saint Lucia ","lca","Latin America and the Caribbean",37.3031797574,2430148148.14815,2.2100726599,13554.6651875402,1.9227431197,1.3,1.4896346151,101981,0,0.2815125328,179285,80.828,11.092,0.568820592910729,0
"Saint Vincent and the Grenadines ","vct","Latin America and the Caribbean",49.7221975943,1065962962.96296,6.0161091451,10520.4441534791,6.7725972762,14,4.0331441445,52246,-784,-0.7110258161,101323,45.701,18.574,0.515638107833365,-0.00773763114001757
"Samoa ","wsm","Polynesia",79.9646155891,938189443.830393,8.5840912182,4330.1784053133,7.881456731,5.2,8.710884357,57484,-2810,0.6491905631,216663,82.492,4.977,0.265315259181309,-0.012969450252235
"Sao Tome & Principe ","stp","Sub-Saharan Africa",72.8534635081,678976264.835436,0.372252775,2940.9335292671,-1.6128371937,111,21.6884761062,33614,-592,1.9975466017,230871,23.599,9.071,0.145596458628412,-0.002564202520022
"Saudi Arabia ","sau","Western Asia",36.830626821,1067582933333.33,-0.7549148106,32093.9622984711,-4.0041842205,8.4,-2.964886675,16120882,325691,3.3287793951,33264292,15.05,4.008,0.484630245549793,0.00979100953058012
"Senegal ","sen","Sub-Saharan Africa",73.0702280774,30848333083.7055,4.5840614045,1706.4421802476,2.1168073839,110,3.8518291922,5579313,-9999,2.3873834883,18077573,50.421,2.8,0.308631750512085,-0.000553116283917094
"Serbia ","srb","Southern Europe",57.9495457794,81342660752.3732,3.8474711278,12281.5058488303,4.494496847,14,13.8402321393,3246451,4348,-0.6211209442,6623183,42.887,8.268,0.490164774248273,0.000656481936253309
"Sierra Leone ","sle","Sub-Saharan Africa",71.639612751,6411869546.28929,5.7100218982,757.8583360309,3.4147164163,283,29.2160488413,2797211,-4000,2.1952425877,8460512,55.7,3.153,0.330619588979958,-0.000472784625800424
"Singapore ","sgp","South-eastern Asia",33.1253772354,501427500080.059,1.075031751,84734.2559206054,-3.7181363895,42,-3.0690299436,3621345,26996,4.8583160778,5917648,0,3.444,0.611956811219593,0.0045619475845809
"Slovakia ","svk","Eastern Europe",51.4188207517,132908336234.295,1.3783372721,24491.3771867262,1.4719677439,4.3,10.1364912549,2792542,4933,-0.092314851,5426740,45.973,5.84,0.514589237737574,0.000909017200013268
"Slovenia ","svn","Southern Europe",56.8926761847,69148468417.3208,2.1125918432,32610.110922729,1.7088050805,4.6,10.0501057521,1058463,5339,0.396216783,2120461,43.912,3.652,0.499166454841659,0.00251784871308645
"Solomon Islands ","slb","Melanesia",69.4614964223,1633319401.19414,3.079769815,2041.6364912646,0.639500366,55,3.8889944625,422706,1636,2.3958324337,800005,73.963,1.455,0.528379197630015,0.00204498721882988
"Somalia ","som","Sub-Saharan Africa",97.0182430549,10968517090.0004,4.2163843261,597.4588546032,1.0560622076,243,4.5724656132,3318488,46217,3.0793921964,18358615,52.08,18.941,0.180759169468939,0.00251745570131516
"South Africa ","zaf","Sub-Saharan Africa",48.3679344695,380699271814.508,0.6984851948,6022.5425418935,-0.6300506581,427,4.8042714253,27346329,228222,1.3281009408,63212384,31.181,32.098,0.432610309397602,0.00361040013931447
"Sri Lanka ","esp","Southern Europe",51.3142215788,1620090734956.89,2.6756634926,33509.0127982139,1.4252746924,5.9,6.235280039,24199271,119099,1.2252804469,48347910,18.448,12.179,0.500523621393355,0.00246337432166147
"Sudan ","lka","Southern Asia",51.745033375,84356863743.6335,-2.2980105619,3827.9649563749,-1.6595803545,62,17.5191628456,8526051,-28011,-0.6513207701,22037000,80.789,5.997,0.38689708217997,-0.00127108953124291
"Swaziland ","sur","Latin America and the Caribbean",50.5295811462,3455146280.83975,2.5395667545,5494.0740942552,1.6065973435,29,32.2686064902,252347,-988,0.914027369,628886,33.589,7.631,0.401260323810675,-0.00157103195173688
"Sweden ","swe","Northern Europe",60.736055655,584960475767.32,-0.3106701847,55516.836477474,-0.7808073678,3.7,6.1490696965,5669759,55209,0.4727178633,10536632,11.262,7.611,0.5380997457252,0.00523971986494356
"Switzerland ","che","Western Europe",52.9575232433,884940402230.409,0.7160668687,99564.710026145,-0.5417942949,5.4,1.0233140259,5089291,45098,1.2567826064,8888093,25.798,4.043,0.572596506359688,0.0050739793114226
"Tajikistan ","tjk","Central Asia",67.1019442904,12060602008.8478,8.2999992165,1160.8118702631,6.1362818109,79,2.1882199813,2720221,-19999,2.0181200975,10389799,71.766,11.546,0.261816518298381,-0.00192486880641291
"Tanzania ","tza","Sub-Saharan Africa",84.3899011707,79062403820.892,5.069523532,1224.4896240234,2.0809924305,183,2.7482118939,31951809,-39388,2.9025007356,66617606,62.591,2.582,0.479630099586587,-0.000591255110548404
"Thailand ","tha","South-eastern Asia",42.4662473758,514968699239.005,1.8872572505,7182.0252581242,1.9339987515,157,1.2202381182,40729354,19648,-0.0458651887,71702435,46.392,0.733,0.56803306610159,0.000274021377377212
"Togo ","tgo","Sub-Saharan Africa",75.5812237553,9171261837.57103,6.4079221564,985.69751263,3.9536867082,30,2.5945652988,3253141,-1997,2.3334550649,9304337,55.51,1.948,0.349637056353397,-0.000214631090855802
"Trinidad & Tobago ","tto","Latin America and the Caribbean",42.6145992481,27372285697.9477,1.3476751817,20016.1503008736,1.2213157502,21,-10.1838832664,652012,2126,0.1247569505,1367510,46.561,4.21,0.476787738298075,0.00155465042303164
"Tunisia ","tun","Northern Africa",50.6050838773,48529595416.6533,0.0391565675,3977.6951663964,-0.6258097341,38,8.8876364223,4220673,-14001,0.6669250348,12200431,29.456,15.106,0.345944581793873,-0.00114758240917882
"Turkmenistan ","tkm","Central Asia",56.1105682095,60628857142.8571,6.3001575855,8232.6522598,4.3624313591,49,-3.2837127113,2399702,15005,1.8397010003,7364438,45.997,4.099,0.325849983393166,0.00203749423920739
"Uganda ","uga","Sub-Saharan Africa",85.4896724289,48768955863.3175,5.3369729551,1002.3091391714,2.4275945978,198,6.7480151664,22045945,-126181,2.8008322896,48656601,73.229,2.787,0.453092582443233,-0.00259329664231992
"United Arab Emirates ","are","Western Asia",22.0026623838,514130432653.081,3.6187065355,49040.6947525825,-0.4215108586,0.8,-1.3042001624,6793436,300004,3.977170975,10483751,12.221,2.151,0.647996695076028,0.0286160936100066
"United Kingdom ","gbr","Northern Europe",57.8463977882,3380854520809.54,0.339966158,49463.8554617343,-0.4806635579,7.6,7.2982547959,34877594,445523,0.8212120398,68350000,15.358,3.984,0.510279356254572,0.00651825896122897
"United States ","usa","Northern America",53.9087996869,2.7720709e+13,2.8875560091,82769.4122114216,2.3826693808,3.1,3.5983913538,171333247,1322668,0.4919248717,334914895,16.702,3.638,0.511572490677072,0.00394926597695812
"Uruguay ","ury","Latin America and the Caribbean",52.6676318563,77240830877.4597,0.3674751756,22797.8111731861,0.4513694773,42,3.4309701896,1761109,-1501,-0.0835522251,3388081,4.229,8.355,0.519795424017312,-0.00044302364671919
"Uzbekistan ","uzb","Central Asia",57.6444238962,101591769702.343,6.2914163508,2849.5146107191,4.1646761531,57,12.6585380276,13809189,-6004,2.0211461405,35652307,49.468,4.46,0.387329465103058,-0.00016840424940804
"Vanuatu ","vut","Melanesia",74.9220682087,1126313359.21923,2.2129417709,3515.236336118,-0.1359120074,41,11.3100213269,115453,0,2.3248160089,320409,74.024,5.082,0.360330078118904,0
"Vietnam ","vnm","South-eastern Asia",47.5514131558,429716969043.572,5.0464307362,4282.0885172451,4.34348082,182,1.9062313018,56799003,-81789,0.6714292507,100352192,60.52,1.645,0.5659966351308,-0.000815019566289095
"Zambia ","zmb","Sub-Saharan Africa",78.1069920863,27577956471.244,5.3679428549,1330.7278057671,2.464640311,283,7.094629603,7147630,9521,2.7940675872,20723965,53.665,5.905,0.344896838032683,0.000459419806972266
"Zimbabwe ","zwe","Sub-Saharan Africa",81.6253517564,35231367885.8554,5.3367304952,2156.0340040333,3.584863796,211,921.5356516459,6232464,-97380,1.6770959139,16340822,67.483,8.759,0.381404558473252,-0.00595930853417288
